prenom;nom;login;ECTS acquis;Moyenne;Choix 1;Choix 2
Hélène;Courtois;HélèneCourtois@cy-tech.fr;30;15,992;MMF;ACTU
Charlotte;Le;CharlotteLe@cy-tech.fr;30;15,391;MMF;ACTU
Laetitia;Rodrigues;LaetitiaRodrigues@cy-tech.fr;30;14,856;MMF;ACTU
Lucie;Lefebvre;LucieLefebvre@cy-tech.fr;30;14,85;MMF;ACTU
daisy;de;daisyde@cy-tech.fr;30;14,366;MMF;ACTU
Léon;Allain;LéonAllain@cy-tech.fr;30;14,299;MMF;ACTU
Virginie-Constance;Courtois;Virginie-ConstanceCourtois@cy-tech.fr;30;14,161;MMF;ACTU
Lucas;Morvan;LucasMorvan@cy-tech.fr;30;14,157;MMF;ACTU
Simone;Ollivier;SimoneOllivier@cy-tech.fr;30;13,866;MMF;ACTU
Patricia;Guerin;PatriciaGuerin@cy-tech.fr;30;13,776;MMF;ACTU
Alexandria;Delaunay;AlexandriaDelaunay@cy-tech.fr;30;13,547;MMF;ACTU
Antoine-Nicolas;Morel;Antoine-NicolasMorel@cy-tech.fr;30;13,439;MMF;ACTU
Inès;Costa;InèsCosta@cy-tech.fr;30;13,394;MMF;ACTU
Franck;Bernard;FranckBernard@cy-tech.fr;30;13,291;MMF;ACTU
Agnès;Blanchard;AgnèsBlanchard@cy-tech.fr;30;13,079;ACTU;MMF
Marine;Martel;MarineMartel@cy-tech.fr;30;12,916;MMF;ACTU
Sébastien;Chauvin;SébastienChauvin@cy-tech.fr;30;12,869;MMF;ACTU
Alexandre;Garcia;AlexandreGarcia@cy-tech.fr;30;12,778;MMF;ACTU
Eugène;du;Eugènedu@cy-tech.fr;30;12,703;MMF;ACTU
Claude;Benoit;ClaudeBenoit@cy-tech.fr;30;12,291;MMF;ACTU
Dorothée;Pottier;DorothéePottier@cy-tech.fr;30;12,163;MMF;ACTU
Stéphanie;du;Stéphaniedu@cy-tech.fr;30;12,129;MMF;ACTU
François;Bernard;FrançoisBernard@cy-tech.fr;30;12,043;MMF;ACTU
Corinne;Humbert;CorinneHumbert@cy-tech.fr;30;11,801;MMF;ACTU
Charlotte;Lelievre;CharlotteLelievre@cy-tech.fr;30;11,766;MMF;ACTU
Olivie-Amélie;Imbert;Olivie-AmélieImbert@cy-tech.fr;30;11,635;MMF;ACTU
Maurice;Guillou;MauriceGuillou@cy-tech.fr;30;11,498;MMF;ACTU
Laurence;Meunier;LaurenceMeunier@cy-tech.fr;30;10,826;ACTU;MMF
Marguerite;Denis;MargueriteDenis@cy-tech.fr;30;10,745;MMF;ACTU
Charlotte;Marchal;CharlotteMarchal@cy-tech.fr;15;12,513;MMF;ACTU
Thierry;Colin;ThierryColin@cy-tech.fr;15;11,784;ACTU;MMF
Thibault-Olivier;Gerard;Thibault-OlivierGerard@cy-tech.fr;15;11,616;MMF;ACTU
Étienne;Pons;ÉtiennePons@cy-tech.fr;15;11,26;MMF;ACTU
Hugues;Pons;HuguesPons@cy-tech.fr;15;11,151;MMF;ACTU
Hugues;Raynaud;HuguesRaynaud@cy-tech.fr;15;11,088;ACTU;MMF
Robert;Le;RobertLe@cy-tech.fr;15;11,062;MMF;ACTU
Louise;Guillet;LouiseGuillet@cy-tech.fr;15;11,058;MMF;ACTU
Laurent;Bailly-Lebrun;LaurentBailly-Lebrun@cy-tech.fr;15;10,942;MMF;ACTU
Nicolas-Alexandre;Michel;Nicolas-AlexandreMichel@cy-tech.fr;15;10,663;MMF;ACTU
Odette;Schmitt;OdetteSchmitt@cy-tech.fr;15;10,226;MMF;ACTU
René;Aubert;RenéAubert@cy-tech.fr;15;10,186;MMF;ACTU
Antoine;Grenier;AntoineGrenier@cy-tech.fr;15;9,736;ACTU;MMF
David;Colas;DavidColas@cy-tech.fr;15;9,724;ACTU;MMF
François;Colas;FrançoisColas@cy-tech.fr;15;7,319;ACTU;MMF
Christiane;Le;ChristianeLe@cy-tech.fr;15;5,961;ACTU;MMF
Anouk;Le;AnoukLe@cy-tech.fr;15;4,927;ACTU;MMF
Thibault;Lebon;ThibaultLebon@cy-tech.fr;15;10,096;MMF;ACTU
Richard;Rocher;RichardRocher@cy-tech.fr;15;9,971;MMF;ACTU
Denise-Valentine;Perrin;Denise-ValentinePerrin@cy-tech.fr;15;9,953;MMF;ACTU
Élisabeth;Leclerc;ÉlisabethLeclerc@cy-tech.fr;15;9,743;MMF;ACTU
David;Bouvier;DavidBouvier@cy-tech.fr;15;9,645;MMF;ACTU
Frédéric;du;Frédéricdu@cy-tech.fr;15;9,532;MMF;ACTU
Marine;Labbe;MarineLabbe@cy-tech.fr;15;10,627;MMF;ACTU
Marthe;Charrier-Lelievre;MartheCharrier-Lelievre@cy-tech.fr;15;9,468;MMF;ACTU
Adélaïde-Antoinette;Pinto;Adélaïde-AntoinettePinto@cy-tech.fr;15;9,363;MMF;ACTU
Luc-Léon;Bernard;Luc-LéonBernard@cy-tech.fr;15;9,061;MMF;ACTU
Antoine;Martel;AntoineMartel@cy-tech.fr;15;8,902;MMF;ACTU
Hortense;Boutin;HortenseBoutin@cy-tech.fr;15;8,569;MMF;ACTU
Louis;Hoareau;LouisHoareau@cy-tech.fr;15;8,389;MMF;ACTU
Alexandre;Carre-Diaz;AlexandreCarre-Diaz@cy-tech.fr;15;8,13;MMF;ACTU
Raymond;Maurice;RaymondMaurice@cy-tech.fr;15;7,589;MMF;ACTU
Louise;Jourdan;LouiseJourdan@cy-tech.fr;15;7,401;MMF;ACTU
Georges-Olivier;Picard;Georges-OlivierPicard@cy-tech.fr;15;7,313;MMF;ACTU
Élise;Durand;ÉliseDurand@cy-tech.fr;15;7,06;MMF;ACTU
Noël;Morel;NoëlMorel@cy-tech.fr;15;6,666;MMF;ACTU
Cécile;Poulain;CécilePoulain@cy-tech.fr;15;6,597;MMF;ACTU
Françoise;Denis;FrançoiseDenis@cy-tech.fr;15;6,388;MMF;ACTU
Isabelle;Gay;IsabelleGay@cy-tech.fr;15;6,273;MMF;ACTU
Alix;Lacombe;AlixLacombe@cy-tech.fr;15;6,187;MMF;ACTU
Thibault;Riou;ThibaultRiou@cy-tech.fr;15;6,066;MMF;ACTU
Bertrand;Hebert;BertrandHebert@cy-tech.fr;15;5,887;MMF;ACTU
Adrien;Valentin;AdrienValentin@cy-tech.fr;15;5,273;MMF;ACTU
Aimée;Lambert;AiméeLambert@cy-tech.fr;15;2,987;MMF;ACTU
Brigitte;Breton;BrigitteBreton@cy-tech.fr;0;0;MMF;ACTU
