prenom;nom;;;;;login;6293c8e6ab4da
Susan;Benoit;;;;;SusanBenoit@cy-tech.fr;6293c8e6ab4fa
Denis;de;;;;;Denisde@cy-tech.fr;6293c8e6ab509
Théodore;Nicolas;;;;;ThéodoreNicolas@cy-tech.fr;6293c8e6ab51b
Marguerite;Gauthier;;;;;MargueriteGauthier@cy-tech.fr;6293c8e6ab52f
Stéphane;Ramos;;;;;StéphaneRamos@cy-tech.fr;6293c8e6ab546
Margaret;Chauvin;;;;;MargaretChauvin@cy-tech.fr;6293c8e6ab561
Philippine-Maryse;Pruvost;;;;;Philippine-MarysePruvost@cy-tech.fr;6293c8e6ab5cb
Rémy;Berger;;;;;RémyBerger@cy-tech.fr;6293c8e6ab5f3
Joseph;Richard;;;;;JosephRichard@cy-tech.fr;6293c8e6ab618
Jules;Tanguy;;;;;JulesTanguy@cy-tech.fr;6293c8e6ab641
Arthur;Duval;;;;;ArthurDuval@cy-tech.fr;6293c8e6ab66c
Marine;Alves-Buisson;;;;;MarineAlves-Buisson@cy-tech.fr;6293c8e6ab69c
Manon;Sauvage;;;;;ManonSauvage@cy-tech.fr;6293c8e6ab6cd
Thibaut;Turpin;;;;;ThibautTurpin@cy-tech.fr;6293c8e6ab703
Élodie;Lopes;;;;;ÉlodieLopes@cy-tech.fr;6293c8e6ab73b
Julie;Perret;;;;;JuliePerret@cy-tech.fr;6293c8e6ab776
Gilles;Leleu;;;;;GillesLeleu@cy-tech.fr;6293c8e6ac1b3
Christiane;Gomes;;;;;ChristianeGomes@cy-tech.fr;6293c8e6ac1fa
Théophile;Carre-Charles;;;;;ThéophileCarre-Charles@cy-tech.fr;6293c8e6ac240
Emmanuel;de;;;;;Emmanuelde@cy-tech.fr;6293c8e6ac288
Alphonse;Gomes;;;;;AlphonseGomes@cy-tech.fr;6293c8e6ac2d3
Benjamin;Rocher;;;;;BenjaminRocher@cy-tech.fr;6293c8e6ac322
Colette;Peron;;;;;ColettePeron@cy-tech.fr;6293c8e6ac374
Claude;De;;;;;ClaudeDe@cy-tech.fr;6293c8e6ac3f3
Constance;du;;;;;Constancedu@cy-tech.fr;6293c8e6ac44f
Gilbert;Pottier-Lamy;;;;;GilbertPottier-Lamy@cy-tech.fr;6293c8e6ac4ab
Marianne-Alex;Carlier;;;;;Marianne-AlexCarlier@cy-tech.fr;6293c8e6ac50a
Adèle;Le;;;;;AdèleLe@cy-tech.fr;6293c8e6ac585
Augustin;du;;;;;Augustindu@cy-tech.fr;6293c8e6ac621
Jeannine;Henry-Petitjean;;;;;JeannineHenry-Petitjean@cy-tech.fr;6293c8e6ac68b
Augustin;Laroche;;;;;AugustinLaroche@cy-tech.fr;6293c8e6ac6f6
Denis;Julien;;;;;DenisJulien@cy-tech.fr;6293c8e6ac765
Chantal-Alexandria;Riviere;;;;;Chantal-AlexandriaRiviere@cy-tech.fr;6293c8e6ac7f3
Benoît;Le;;;;;BenoîtLe@cy-tech.fr;6293c8e6ac868
Alexandrie;Robin;;;;;AlexandrieRobin@cy-tech.fr;6293c8e6ac8e2
Claire;Courtois;;;;;ClaireCourtois@cy-tech.fr;6293c8e6ac95e
Emmanuelle;Vallee;;;;;EmmanuelleVallee@cy-tech.fr;6293c8e6ac9df
Bertrand;Jacquot;;;;;BertrandJacquot@cy-tech.fr;6293c8e6aca63
Agnès;Torres;;;;;AgnèsTorres@cy-tech.fr;6293c8e6acaea
Jean;Le;;;;;JeanLe@cy-tech.fr;6293c8e6acb73
Olivier;Valentin;;;;;OlivierValentin@cy-tech.fr;6293c8e6acc1a
Roger;Dupuis;;;;;RogerDupuis@cy-tech.fr;6293c8e6accaa
Madeleine;Loiseau;;;;;MadeleineLoiseau@cy-tech.fr;6293c8e6acd3d
Frédérique;Hamon;;;;;FrédériqueHamon@cy-tech.fr;6293c8e6acdd2
Lorraine;Arnaud;;;;;LorraineArnaud@cy-tech.fr;6293c8e6ace6b
Étienne;Bazin;;;;;ÉtienneBazin@cy-tech.fr;6293c8e6acf07
David;de;;;;;Davidde@cy-tech.fr;6293c8e6acfe2
Laure;Hoarau;;;;;LaureHoarau@cy-tech.fr;6293c8e6ad086
Claude;Breton;;;;;ClaudeBreton@cy-tech.fr;6293c8e6ad12b
Stéphane;Perrot;;;;;StéphanePerrot@cy-tech.fr;6293c8e6ad1d5
Alexandria;Dufour;;;;;AlexandriaDufour@cy-tech.fr;6293c8e6ad280
Céline;Marty;;;;;CélineMarty@cy-tech.fr;6293c8e6ad342
Joséphine;Monnier;;;;;JoséphineMonnier@cy-tech.fr;6293c8e6ad3f5
Gabrielle;Laine;;;;;GabrielleLaine@cy-tech.fr;6293c8e6ad4ab
Célina;Guibert-Leconte;;;;;CélinaGuibert-Leconte@cy-tech.fr;6293c8e6ae014
Thérèse;Gillet;;;;;ThérèseGillet@cy-tech.fr;6293c8e6ae0d6
Jean;Rodriguez;;;;;JeanRodriguez@cy-tech.fr;6293c8e6ae781
Margaux-Chantal;Roy;;;;;Margaux-ChantalRoy@cy-tech.fr;6293c8e6ae849
Benoît-Nicolas;Loiseau;;;;;Benoît-NicolasLoiseau@cy-tech.fr;6293c8e6ae915
Agathe;Le;;;;;AgatheLe@cy-tech.fr;6293c8e6ae9eb
Maurice;Dias;;;;;MauriceDias@cy-tech.fr;6293c8e6aeb22
Charlotte;Ollivier;;;;;CharlotteOllivier@cy-tech.fr;6293c8e6aebf9
Anne-Camille;Muller;;;;;Anne-CamilleMuller@cy-tech.fr;6293c8e6aecd0
Théodore;Henry;;;;;ThéodoreHenry@cy-tech.fr;6293c8e6aedae
Diane;de;;;;;Dianede@cy-tech.fr;6293c8e6aefa5
Eugène;Albert;;;;;EugèneAlbert@cy-tech.fr;6293c8e6af0c0
Alexandria;Charpentier;;;;;AlexandriaCharpentier@cy-tech.fr;6293c8e6af1ba
Luc;Voisin;;;;;LucVoisin@cy-tech.fr;6293c8e6af2b4
Anne;Pons;;;;;AnnePons@cy-tech.fr;6293c8e6af3ca
Diane;Lebreton;;;;;DianeLebreton@cy-tech.fr;6293c8e6b0614
Manon;de;;;;;Manonde@cy-tech.fr;6293c8e6b071e
Émile;Poulain;;;;;ÉmilePoulain@cy-tech.fr;6293c8e6b082d
Olivie;Legendre;;;;;OlivieLegendre@cy-tech.fr;6293c8e6b0955
Laurence;Hebert;;;;;LaurenceHebert@cy-tech.fr;6293c8e6b0a4c
Josette;Weber;;;;;JosetteWeber@cy-tech.fr;6293c8e6b0b47
Adélaïde;Carlier;;;;;AdélaïdeCarlier@cy-tech.fr;6293c8e6b0c45
Patricia;Didier;;;;;PatriciaDidier@cy-tech.fr;6293c8e6b0d5a
Suzanne;Chauvet;;;;;SuzanneChauvet@cy-tech.fr;6293c8e6b0e9b
Jérôme;Prevost;;;;;JérômePrevost@cy-tech.fr;6293c8e6b0fbe
Dominique;Lecoq;;;;;DominiqueLecoq@cy-tech.fr;6293c8e6b111c
Roger;Bigot;;;;;RogerBigot@cy-tech.fr;6293c8e6b1267
Guy;Pottier-Barre;;;;;GuyPottier-Barre@cy-tech.fr;6293c8e6b1383
Alphonse;Levy;;;;;AlphonseLevy@cy-tech.fr;6293c8e6b28b1
Joséphine;Hoareau;;;;;JoséphineHoareau@cy-tech.fr;6293c8e6b29cf
Jérôme;Delannoy;;;;;JérômeDelannoy@cy-tech.fr;6293c8e6b2b5b
Marguerite;Martineau;;;;;MargueriteMartineau@cy-tech.fr;6293c8e6b2cac
Frédéric;Lambert;;;;;FrédéricLambert@cy-tech.fr;6293c8e6b2dcf
Gérard;Albert;;;;;GérardAlbert@cy-tech.fr;6293c8e6b2f1c
Thérèse;Valette-Raymond;;;;;ThérèseValette-Raymond@cy-tech.fr;6293c8e6b3047
Xavier;Leclerc-Dupont;;;;;XavierLeclerc-Dupont@cy-tech.fr;6293c8e6b3f7c
Franck;Gonzalez;;;;;FranckGonzalez@cy-tech.fr;6293c8e6b4184
Frédérique;Guilbert;;;;;FrédériqueGuilbert@cy-tech.fr;6293c8e6b4308
Margot;Aubert;;;;;MargotAubert@cy-tech.fr;6293c8e6b4441
Robert;de;;;;;Robertde@cy-tech.fr;6293c8e6b457d
Adélaïde;Menard-Perrier;;;;;AdélaïdeMenard-Perrier@cy-tech.fr;6293c8e6b4907
Henri;Pasquier-Pierre;;;;;HenriPasquier-Pierre@cy-tech.fr;6293c8e6b4c10
Nath;Rolland;;;;;NathRolland@cy-tech.fr;6293c8e6b4d75
Alexandrie;Sanchez;;;;;AlexandrieSanchez@cy-tech.fr;6293c8e6b4ebf
Martin;Masson;;;;;MartinMasson@cy-tech.fr;6293c8e6b500c
André;Ramos;;;;;AndréRamos@cy-tech.fr;6293c8e6b518a
Adrienne;Pinto;;;;;AdriennePinto@cy-tech.fr;6293c8e6b52de
Alain;Hernandez;;;;;AlainHernandez@cy-tech.fr;6293c8e6b5433
Véronique;Techer;;;;;VéroniqueTecher@cy-tech.fr;6293c8e6b7276
Thibaut;de;;;;;Thibautde@cy-tech.fr;6293c8e6b73fa
Mathilde;Camus;;;;;MathildeCamus@cy-tech.fr;6293c8e6b755b
Simone;Marty;;;;;SimoneMarty@cy-tech.fr;6293c8e6b76bc
Geneviève;Hoarau;;;;;GenevièveHoarau@cy-tech.fr;6293c8e6b7839
Daniel;Mallet;;;;;DanielMallet@cy-tech.fr;6293c8e6b79a1
Olivie-Philippine;Diallo;;;;;Olivie-PhilippineDiallo@cy-tech.fr;6293c8e6b7b20
Agnès;de;;;;;Agnèsde@cy-tech.fr;6293c8e6b7c8f
Jérôme;Pichon;;;;;JérômePichon@cy-tech.fr;6293c8e6b7e04
Édouard;Nicolas;;;;;ÉdouardNicolas@cy-tech.fr;6293c8e6b7ff4
Zacharie;Loiseau;;;;;ZacharieLoiseau@cy-tech.fr;6293c8e6b8e5b
Suzanne;Lebon;;;;;SuzanneLebon@cy-tech.fr;6293c8e6b9bba
Océane;Guyon-Dumont;;;;;OcéaneGuyon-Dumont@cy-tech.fr;6293c8e6b9d7d
René;Simon;;;;;RenéSimon@cy-tech.fr;6293c8e6b9f01
Alexandre;Lambert;;;;;AlexandreLambert@cy-tech.fr;6293c8e6ba0da
Frédéric;Pages;;;;;FrédéricPages@cy-tech.fr;6293c8e6ba28d
Bernadette;Le;;;;;BernadetteLe@cy-tech.fr;6293c8e6ba41b
Daniel;Perrier;;;;;DanielPerrier@cy-tech.fr;6293c8e6ba5bd
Daniel-Bernard;Arnaud;;;;;Daniel-BernardArnaud@cy-tech.fr;6293c8e6ba756
Capucine;Bertrand;;;;;CapucineBertrand@cy-tech.fr;6293c8e6bad14
Antoine;Dupont;;;;;AntoineDupont@cy-tech.fr;6293c8e6baeb2
Thierry;Roux;;;;;ThierryRoux@cy-tech.fr;6293c8e6bb4c8
Édith;Fischer;;;;;ÉdithFischer@cy-tech.fr;6293c8e6bb66b
Alain-Thibault;Cordier;;;;;Alain-ThibaultCordier@cy-tech.fr;6293c8e6bb821
Victoire;Guichard;;;;;VictoireGuichard@cy-tech.fr;6293c8e6bb9c8
Michel;Laroche;;;;;MichelLaroche@cy-tech.fr;6293c8e6bbb72
Hélène;Courtois;;;;;HélèneCourtois@cy-tech.fr;6293c8ea672f5
Charlotte;Le;;;;;CharlotteLe@cy-tech.fr;6293c8ea674ed
Laetitia;Rodrigues;;;;;LaetitiaRodrigues@cy-tech.fr;6293c8ea676a5
Lucie;Lefebvre;;;;;LucieLefebvre@cy-tech.fr;6293c8ea67896
daisy;de;;;;;daisyde@cy-tech.fr;6293c8ea67a51
Léon;Allain;;;;;LéonAllain@cy-tech.fr;6293c8ea68151
Virginie-Constance;Courtois;;;;;Virginie-ConstanceCourtois@cy-tech.fr;6293c8ea6832f
Lucas;Morvan;;;;;LucasMorvan@cy-tech.fr;6293c8ea684f9
Simone;Ollivier;;;;;SimoneOllivier@cy-tech.fr;6293c8ea68c89
Patricia;Guerin;;;;;PatriciaGuerin@cy-tech.fr;6293c8ea68e6a
Alexandria;Delaunay;;;;;AlexandriaDelaunay@cy-tech.fr;6293c8ea694ba
Antoine-Nicolas;Morel;;;;;Antoine-NicolasMorel@cy-tech.fr;6293c8ea696ab
Inès;Costa;;;;;InèsCosta@cy-tech.fr;6293c8ea698b4
Franck;Bernard;;;;;FranckBernard@cy-tech.fr;6293c8ea69a9b
Agnès;Blanchard;;;;;AgnèsBlanchard@cy-tech.fr;6293c8ea69c78
Marine;Martel;;;;;MarineMartel@cy-tech.fr;6293c8ea69e7a
Sébastien;Chauvin;;;;;SébastienChauvin@cy-tech.fr;6293c8ea6ace7
Alexandre;Garcia;;;;;AlexandreGarcia@cy-tech.fr;6293c8ea6af5c
Eugène;du;;;;;Eugènedu@cy-tech.fr;6293c8ea6b15f
Claude;Benoit;;;;;ClaudeBenoit@cy-tech.fr;6293c8ea6b33e
Dorothée;Pottier;;;;;DorothéePottier@cy-tech.fr;6293c8ea6b52e
Stéphanie;du;;;;;Stéphaniedu@cy-tech.fr;6293c8ea6b711
François;Bernard;;;;;FrançoisBernard@cy-tech.fr;6293c8ea6b920
Corinne;Humbert;;;;;CorinneHumbert@cy-tech.fr;6293c8ea6bb18
Charlotte;Lelievre;;;;;CharlotteLelievre@cy-tech.fr;6293c8ea6bd44
Olivie-Amélie;Imbert;;;;;Olivie-AmélieImbert@cy-tech.fr;6293c8ea6dcb0
Maurice;Guillou;;;;;MauriceGuillou@cy-tech.fr;6293c8ea6e131
Laurence;Meunier;;;;;LaurenceMeunier@cy-tech.fr;6293c8ea6e4c2
Marguerite;Denis;;;;;MargueriteDenis@cy-tech.fr;6293c8ea6eb0c
Charlotte;Marchal;;;;;CharlotteMarchal@cy-tech.fr;6293c8ea6ee86
Thierry;Colin;;;;;ThierryColin@cy-tech.fr;6293c8ea6ff17
Thibault-Olivier;Gerard;;;;;Thibault-OlivierGerard@cy-tech.fr;6293c8ea70180
Étienne;Pons;;;;;ÉtiennePons@cy-tech.fr;6293c8ea70397
Hugues;Pons;;;;;HuguesPons@cy-tech.fr;6293c8ea705e9
Hugues;Raynaud;;;;;HuguesRaynaud@cy-tech.fr;6293c8ea70808
Robert;Le;;;;;RobertLe@cy-tech.fr;6293c8ea70a38
Louise;Guillet;;;;;LouiseGuillet@cy-tech.fr;6293c8ea70c5c
Laurent;Bailly-Lebrun;;;;;LaurentBailly-Lebrun@cy-tech.fr;6293c8ea715f4
Nicolas-Alexandre;Michel;;;;;Nicolas-AlexandreMichel@cy-tech.fr;6293c8ea7186a
Odette;Schmitt;;;;;OdetteSchmitt@cy-tech.fr;6293c8ea71aa1
René;Aubert;;;;;RenéAubert@cy-tech.fr;6293c8ea71ce8
Antoine;Grenier;;;;;AntoineGrenier@cy-tech.fr;6293c8ea7251f
David;Colas;;;;;DavidColas@cy-tech.fr;6293c8ea729a4
François;Colas;;;;;FrançoisColas@cy-tech.fr;6293c8ea72e6c
Christiane;Le;;;;;ChristianeLe@cy-tech.fr;6293c8ea732fd
Anouk;Le;;;;;AnoukLe@cy-tech.fr;6293c8ea73779
Thibault;Lebon;;;;;ThibaultLebon@cy-tech.fr;6293c8ea73d57
Richard;Rocher;;;;;RichardRocher@cy-tech.fr;6293c8ea74235
Denise-Valentine;Perrin;;;;;Denise-ValentinePerrin@cy-tech.fr;6293c8ea74602
Élisabeth;Leclerc;;;;;ÉlisabethLeclerc@cy-tech.fr;6293c8ea756a2
David;Bouvier;;;;;DavidBouvier@cy-tech.fr;6293c8ea7591c
Frédéric;du;;;;;Frédéricdu@cy-tech.fr;6293c8ea75b62
Marine;Labbe;;;;;MarineLabbe@cy-tech.fr;6293c8ea75e9f
Marthe;Charrier-Lelievre;;;;;MartheCharrier-Lelievre@cy-tech.fr;6293c8ea76114
Adélaïde-Antoinette;Pinto;;;;;Adélaïde-AntoinettePinto@cy-tech.fr;6293c8ea76362
Luc-Léon;Bernard;;;;;Luc-LéonBernard@cy-tech.fr;6293c8ea765c1
Antoine;Martel;;;;;AntoineMartel@cy-tech.fr;6293c8ea76834
Hortense;Boutin;;;;;HortenseBoutin@cy-tech.fr;6293c8ea76a8f
Louis;Hoareau;;;;;LouisHoareau@cy-tech.fr;6293c8ea79b26
Alexandre;Carre-Diaz;;;;;AlexandreCarre-Diaz@cy-tech.fr;6293c8ea79daa
Raymond;Maurice;;;;;RaymondMaurice@cy-tech.fr;6293c8ea7a01d
Louise;Jourdan;;;;;LouiseJourdan@cy-tech.fr;6293c8ea7a2bc
Georges-Olivier;Picard;;;;;Georges-OlivierPicard@cy-tech.fr;6293c8ea7a553
Élise;Durand;;;;;ÉliseDurand@cy-tech.fr;6293c8ea7a7be
Noël;Morel;;;;;NoëlMorel@cy-tech.fr;6293c8ea7aadd
Cécile;Poulain;;;;;CécilePoulain@cy-tech.fr;6293c8ea7ad6b
Françoise;Denis;;;;;FrançoiseDenis@cy-tech.fr;6293c8ea7aff0
Isabelle;Gay;;;;;IsabelleGay@cy-tech.fr;6293c8ea7b280
Alix;Lacombe;;;;;AlixLacombe@cy-tech.fr;6293c8ea7b50e
Thibault;Riou;;;;;ThibaultRiou@cy-tech.fr;6293c8ea7b7bf
Bertrand;Hebert;;;;;BertrandHebert@cy-tech.fr;6293c8ea7ccf5
Adrien;Valentin;;;;;AdrienValentin@cy-tech.fr;6293c8ea7cf9a
Aimée;Lambert;;;;;AiméeLambert@cy-tech.fr;6293c8ea7d241
Brigitte;Breton;;;;;BrigitteBreton@cy-tech.fr;6293c8ea7d4d1
Gabriel-Victor;Dupre;;;;;Gabriel-VictorDupre@cy-tech.fr;6293c8ee2a6b7
Marc;Ribeiro;anime6.jpg;2022-05-04;ezza;ae;MarcRibeiro@cy-tech.fr;6293c8ee2a9c9
Susan;Sauvage;;;;;SusanSauvage@cy-tech.fr;6293c8ee2ad9d
Denis-Adrien;Alves;;;;;Denis-AdrienAlves@cy-tech.fr;6293c8ee2b067
Michel;Levy;;;;;MichelLevy@cy-tech.fr;6293c8ee2b324
Adélaïde;Boulay;;;;;AdélaïdeBoulay@cy-tech.fr;6293c8ee2b5f0
Marthe;Seguin;;;;;MartheSeguin@cy-tech.fr;6293c8ee2c5e7
Noël;Jacquet;;;;;NoëlJacquet@cy-tech.fr;6293c8ee2cbd2
Monique;Mallet;;;;;MoniqueMallet@cy-tech.fr;6293c8ee2ceb5
Charles;Lamy-Besson;;;;;CharlesLamy-Besson@cy-tech.fr;6293c8ee2d1b8
François;Herve;;;;;FrançoisHerve@cy-tech.fr;6293c8ee2e57a
Marine;Hamel;;;;;MarineHamel@cy-tech.fr;6293c8ee2f06c
Caroline;Marie;;;;;CarolineMarie@cy-tech.fr;6293c8ee2f59c
Jeannine;Lemaitre;;;;;JeannineLemaitre@cy-tech.fr;6293c8ee30e30
Joséphine;Humbert;;;;;JoséphineHumbert@cy-tech.fr;6293c8ee3112f
Benoît;Lenoir;;;;;BenoîtLenoir@cy-tech.fr;6293c8ee31422
Pénélope;Marty;;;;;PénélopeMarty@cy-tech.fr;6293c8ee31bf3
Alfred;Ramos;;;;;AlfredRamos@cy-tech.fr;6293c8ee3246d
Philippine;Normand;;;;;PhilippineNormand@cy-tech.fr;6293c8ee32a4c
Luc;Dufour-Gallet;;;;;LucDufour-Gallet@cy-tech.fr;6293c8ee3322c
Corinne;Gros;;;;;CorinneGros@cy-tech.fr;6293c8ee33905
Isabelle;Dijoux;;;;;IsabelleDijoux@cy-tech.fr;6293c8ee33e63
Dominique;Gaillard;;;;;DominiqueGaillard@cy-tech.fr;6293c8ee34564
Pénélope;Ribeiro;;;;;PénélopeRibeiro@cy-tech.fr;6293c8ee34a5a
Zacharie;Marchal;;;;;ZacharieMarchal@cy-tech.fr;6293c8ee35c87
Marc;Guillou;;;;;MarcGuillou@cy-tech.fr;6293c8ee35fe3
Benjamin;Masson;;;;;BenjaminMasson@cy-tech.fr;6293c8ee36341
Georges;Bonnet;;;;;GeorgesBonnet@cy-tech.fr;6293c8ee36660
Jérôme;Foucher;;;;;JérômeFoucher@cy-tech.fr;6293c8ee369ee
Emmanuelle;Faure;;;;;EmmanuelleFaure@cy-tech.fr;6293c8ee36d19
David;Louis;;;;;DavidLouis@cy-tech.fr;6293c8ee3703e
Andrée;Rocher;;;;;AndréeRocher@cy-tech.fr;6293c8ee37375
Gérard;Guerin;;;;;GérardGuerin@cy-tech.fr;6293c8ee39207
Caroline;Bailly;;;;;CarolineBailly@cy-tech.fr;6293c8ee396ef
Christelle;Lucas;;;;;ChristelleLucas@cy-tech.fr;6293c8ee39a32
Hugues;Morel;;;;;HuguesMorel@cy-tech.fr;6293c8ee39d62
Thibault-Charles;Blanc;;;;;Thibault-CharlesBlanc@cy-tech.fr;6293c8ee3a884
Étienne-Gilbert;Allard;;;;;Étienne-GilbertAllard@cy-tech.fr;6293c8ee3c2fe
Zacharie;Bernard;;;;;ZacharieBernard@cy-tech.fr;6293c8ee3c649
daisy;Lopez;;;;;daisyLopez@cy-tech.fr;6293c8ee3c97a
Émile-Olivier;Legendre;;;;;Émile-OlivierLegendre@cy-tech.fr;6293c8ee3cca6
Claire;Leclerc;;;;;ClaireLeclerc@cy-tech.fr;6293c8ee3cfef
Raymond;Bonnet;;;;;RaymondBonnet@cy-tech.fr;6293c8ee3dc11
Clémence;Leblanc;;;;;ClémenceLeblanc@cy-tech.fr;6293c8ee3df7d
Gilbert;Marin;;;;;GilbertMarin@cy-tech.fr;6293c8ee3f02c
Noémi;Humbert-Barbe;;;;;NoémiHumbert-Barbe@cy-tech.fr;6293c8ee3f3d1
Étienne;de;;;;;Étiennede@cy-tech.fr;6293c8ee3f70f
Philippine;de;;;;;Philippinede@cy-tech.fr;6293c8ee3fa60
Juliette;Thibault;;;;;JulietteThibault@cy-tech.fr;6293c8ee3fdde
François;de;;;;;Françoisde@cy-tech.fr;6293c8ee4114c
Léon;du;;;;;Léondu@cy-tech.fr;6293c8ee414c5
Maurice;Alves;;;;;MauriceAlves@cy-tech.fr;6293c8ee4182b
Marie;Blanc;;;;;MarieBlanc@cy-tech.fr;6293c8ee42360
Denise-Alexandrie;Clement;;;;;Denise-AlexandrieClement@cy-tech.fr;6293c8ee42723
Luc;Ribeiro;;;;;LucRibeiro@cy-tech.fr;6293c8ee4380b
Charlotte;du;;;;;Charlottedu@cy-tech.fr;6293c8ee43d0a
Michèle;du;;;;;Michèledu@cy-tech.fr;6293c8ee45039
Hortense;Maillet;;;;;HortenseMaillet@cy-tech.fr;6293c8ee453ba
Françoise;Chauveau;;;;;FrançoiseChauveau@cy-tech.fr;6293c8ee45728
Jeanne;Le;;;;;JeanneLe@cy-tech.fr;6293c8ee45ab3
Louis;Giraud;;;;;LouisGiraud@cy-tech.fr;6293c8ee466a4
Hugues;Lemaire;;;;;HuguesLemaire@cy-tech.fr;6293c8ee46a1e
Yves;Roy-Perret;;;;;YvesRoy-Perret@cy-tech.fr;6293c8ee47da3
Isaac;Riou;;;;;IsaacRiou@cy-tech.fr;6293c8ee48145
Daniel;Mace-Carre;;;;;DanielMace-Carre@cy-tech.fr;6293c8ee484ff
Laurence;Normand;;;;;LaurenceNormand@cy-tech.fr;6293c8ee48899
Antoine;Etienne;;;;;AntoineEtienne@cy-tech.fr;6293c8ee49bba
Éric;Le;;;;;ÉricLe@cy-tech.fr;6293c8ee49f31
Lucas;Rolland;;;;;LucasRolland@cy-tech.fr;6293c8ee4a298
Frédérique;Barre-Vallee;;;;;FrédériqueBarre-Vallee@cy-tech.fr;6293c8ee4a649
Laurence;Bailly;;;;;LaurenceBailly@cy-tech.fr;6293c8ee4aa24
Noémi;Evrard;;;;;NoémiEvrard@cy-tech.fr;6293c8ee4c7dc
Thibault;Faivre;;;;;ThibaultFaivre@cy-tech.fr;6293c8ee4cbf4
Suzanne;de;;;;;Suzannede@cy-tech.fr;6293c8ee4cfdd
Eugène;Dumas;;;;;EugèneDumas@cy-tech.fr;6293c8ee4d3c2
Michelle;Vidal;;;;;MichelleVidal@cy-tech.fr;6293c8ee4d780
René;Gomez;;;;;RenéGomez@cy-tech.fr;6293c8ee4e7ae
Denise;Lebreton;;;;;DeniseLebreton@cy-tech.fr;6293c8ee4ed5d
David;Godard-Clerc;;;;;DavidGodard-Clerc@cy-tech.fr;6293c8ee4f35d
François;Leroux;;;;;FrançoisLeroux@cy-tech.fr;6293c8ee50cc8
Célina;Cordier;;;;;CélinaCordier@cy-tech.fr;6293c8ee510b1
Marcelle;Turpin;;;;;MarcelleTurpin@cy-tech.fr;6293c8ee51481
Benjamin;Guillou;;;;;BenjaminGuillou@cy-tech.fr;6293c8ee51877
Lucas;Renault-Jean;;;;;LucasRenault-Jean@cy-tech.fr;6293c8ee52904
Gabriel;du;;;;;Gabrieldu@cy-tech.fr;6293c8ee52ea0
Anaïs;de;;;;;Anaïsde@cy-tech.fr;6293c8ee545dc
Agathe;Techer;;;;;AgatheTecher@cy-tech.fr;6293c8ee54d3c
Étienne;du;;;;;Étiennedu@cy-tech.fr;6293c8ee552d0
Andrée;Richard;;;;;AndréeRichard@cy-tech.fr;6293c8ee55834
Antoinette;Chevallier;;;;;AntoinetteChevallier@cy-tech.fr;6293c8ee55e06
Alphonse;Le;;;;;AlphonseLe@cy-tech.fr;6293c8ee56a04
Lucas;Maillard;;;;;LucasMaillard@cy-tech.fr;6293c8ee56fa4
André;Leleu;;;;;AndréLeleu@cy-tech.fr;6293c8ee5776d
Emmanuel;Riou;;;;;EmmanuelRiou@cy-tech.fr;6293c8ee58eac
David;Lesage;;;;;DavidLesage@cy-tech.fr;6293c8ee592ae
Grégoire;Dubois;;;;;GrégoireDubois@cy-tech.fr;6293c8ee59ab2
Paulette;Leclercq;;;;;PauletteLeclercq@cy-tech.fr;6293c8ee59fce
Thierry;Faure;;;;;ThierryFaure@cy-tech.fr;6293c8ee5ab88
Pierre;Boyer;;;;;PierreBoyer@cy-tech.fr;6293c8ee5b181
Éric;Benard-Charpentier;;;;;ÉricBenard-Charpentier@cy-tech.fr;6293c8ee5c6f2
Marcelle;Gauthier-Martineau;;;;;MarcelleGauthier-Martineau@cy-tech.fr;6293c8ee5caf8
Christiane;Delmas;;;;;ChristianeDelmas@cy-tech.fr;6293c8ee5ee16
Corinne;Cousin;;;;;CorinneCousin@cy-tech.fr;6293c8ee5f667
William;du;;;;;Williamdu@cy-tech.fr;6293c8ee60f62
Renée;Maurice;;;;;RenéeMaurice@cy-tech.fr;6293c8ee61383
Zacharie;Weber;;;;;ZacharieWeber@cy-tech.fr;6293c8ee61ca4
Louis;Rousseau;;;;;LouisRousseau@cy-tech.fr;6293c8ee62238
Philippe;Hamel;;;;;PhilippeHamel@cy-tech.fr;6293c8ee62c36
Élise;Mercier;;;;;ÉliseMercier@cy-tech.fr;6293c8ee635f5
Bernard;Chauvet;;;;;BernardChauvet@cy-tech.fr;6293c8ee64c18
Théodore;Pasquier;;;;;ThéodorePasquier@cy-tech.fr;6293c8ee65051
Adèle;Begue;;;;;AdèleBegue@cy-tech.fr;6293c8ee658e7
Adrien;Dumont;;;;;AdrienDumont@cy-tech.fr;6293c8ee65ea0
Gilbert;Ferrand-Texier;;;;;GilbertFerrand-Texier@cy-tech.fr;6293c8ee66b1e
Anastasie;Rocher;;;;;AnastasieRocher@cy-tech.fr;6293c8ee6767f
Franck;Le;;;;;FranckLe@cy-tech.fr;6293c8ee69337
Michel;Renault;;;;;MichelRenault@cy-tech.fr;6293c8ee6976e
Margaud-Laure;Wagner;;;;;Margaud-LaureWagner@cy-tech.fr;6293c8ee69ba0
David;Ferrand;;;;;DavidFerrand@cy-tech.fr;6293c8ee6af7a
François;Duhamel;;;;;FrançoisDuhamel@cy-tech.fr;6293c8ee6b684
Franck;Blot-Barbier;;;;;FranckBlot-Barbier@cy-tech.fr;6293c8ee6cb72
Benjamin;Martins;;;;;BenjaminMartins@cy-tech.fr;6293c8ee6d396
Hugues;du;;;;;Huguesdu@cy-tech.fr;6293c8ee6d956
Joséphine;Pons-Alves;;;;;JoséphinePons-Alves@cy-tech.fr;6293c8ee6df75
Diane;Martin;;;;;DianeMartin@cy-tech.fr;6293c8ee6e5c4
Auguste;Fournier;;;;;AugusteFournier@cy-tech.fr;6293c8ee6f2e0
Théodore;Louis;;;;;ThéodoreLouis@cy-tech.fr;6293c8ee6fb69
Chantal;Joubert;;;;;ChantalJoubert@cy-tech.fr;6293c8ee72c8b
Inès;Bouvet;;;;;InèsBouvet@cy-tech.fr;6293c8ee73780
Sylvie;Le;;;;;SylvieLe@cy-tech.fr;6293c8ee7422e
Anouk-Pénélope;Ollivier;;;;;Anouk-PénélopeOllivier@cy-tech.fr;6293c8ee7469b
Olivie;Evrard;;;;;OlivieEvrard@cy-tech.fr;6293c8ee74b02
Augustin;Roche;;;;;AugustinRoche@cy-tech.fr;6293c8ee75d45
Marcelle;du;;;;;Marcelledu@cy-tech.fr;6293c8ee76363
Antoine;Loiseau;;;;;AntoineLoiseau@cy-tech.fr;6293c8ee77758
Jérôme;Pottier;;;;;JérômePottier@cy-tech.fr;6293c8ee77c93
Julie;Lesage;;;;;JulieLesage@cy-tech.fr;6293c8ee7811a
Jacques;Guibert;;;;;JacquesGuibert@cy-tech.fr;6293c8ee7866d
Paulette-Valérie;Albert;;;;;Paulette-ValérieAlbert@cy-tech.fr;6293c8ee79a18
Antoine;Lefort-Letellier;;;;;AntoineLefort-Letellier@cy-tech.fr;6293c8ee7a0b1
Josette;de;;;;;Josettede@cy-tech.fr;6293c8ee7a678
Pénélope;Deschamps;;;;;PénélopeDeschamps@cy-tech.fr;6293c8ee7bc8e
Thérèse;Meyer;;;;;ThérèseMeyer@cy-tech.fr;6293c8ee7daa4
Marcel;Guyot;;;;;MarcelGuyot@cy-tech.fr;6293c8ee7df57
Daniel;Bernard;;;;;DanielBernard@cy-tech.fr;6293c8ee7e424
Julie;Fernandez;;;;;JulieFernandez@cy-tech.fr;6293c8ee7ecae
Hugues;Lesage;;;;;HuguesLesage@cy-tech.fr;6293c8ee806fb
Zoé;Guibert-Huet;;;;;ZoéGuibert-Huet@cy-tech.fr;6293c8ee80bd8
Augustin;Gauthier;;;;;AugustinGauthier@cy-tech.fr;6293c8ee81083
Luce;Le;;;;;LuceLe@cy-tech.fr;6293c8ee8152b
Stéphane;Boulanger;;;;;StéphaneBoulanger@cy-tech.fr;6293c8ee82959
Alfred;Loiseau;;;;;AlfredLoiseau@cy-tech.fr;6293c8ee82e20
Brigitte;Le;;;;;BrigitteLe@cy-tech.fr;6293c8ee832db
Alice;Guillot;;;;;AliceGuillot@cy-tech.fr;6293c8ee83b93
Lucy;Le;;;;;LucyLe@cy-tech.fr;6293c8ee8401b
Madeleine;Charpentier-Leroux;;;;;MadeleineCharpentier-Leroux@cy-tech.fr;6293c8ee857ea
Emmanuel;du;;;;;Emmanueldu@cy-tech.fr;6293c8ee85c7b
Bernard;de;;;;;Bernardde@cy-tech.fr;6293c8ee86108
Céline;Auger;;;;;CélineAuger@cy-tech.fr;6293c8ee87140
Auguste;Picard;;;;;AugustePicard@cy-tech.fr;6293c8ee878ca
Augustin;Allain;;;;;AugustinAllain@cy-tech.fr;6293c8ee87dbf
Aurore;Pichon;;;;;AurorePichon@cy-tech.fr;6293c8ee882c3
Danielle-Joséphine;Bruneau;;;;;Danielle-JoséphineBruneau@cy-tech.fr;6293c8ee89794
Océane;Nguyen;;;;;OcéaneNguyen@cy-tech.fr;6293c8ee89c37
Alexandre;Perret;;;;;AlexandrePerret@cy-tech.fr;6293c8ee8a0fa
Gabrielle;Vasseur;;;;;GabrielleVasseur@cy-tech.fr;6293c8ee8b9d3
Pierre;Mary;;;;;PierreMary@cy-tech.fr;6293c8ee8c3f2
Michelle;Guibert;;;;;MichelleGuibert@cy-tech.fr;6293c8ee8d65f
Marguerite;de;;;;;Margueritede@cy-tech.fr;6293c8ee8db59
Victor;Vasseur;;;;;VictorVasseur@cy-tech.fr;6293c8ee8e060
Simone-Gabrielle;Bonnet;;;;;Simone-GabrielleBonnet@cy-tech.fr;6293c8ee8f476
Adrien-Xavier;Menard;;;;;Adrien-XavierMenard@cy-tech.fr;6293c8ee904fa
Marcel;Carlier;;;;;MarcelCarlier@cy-tech.fr;6293c8ee91ccb
Zacharie;Muller;;;;;ZacharieMuller@cy-tech.fr;6293c8ee92205
Andrée;Mendes;;;;;AndréeMendes@cy-tech.fr;6293c8ee92706
Auguste;Clerc-Maillard;;;;;AugusteClerc-Maillard@cy-tech.fr;6293c8ee92c16
Léon;Maillard;;;;;LéonMaillard@cy-tech.fr;6293c8ee93f7a
Jeanne;Poulain;;;;;JeannePoulain@cy-tech.fr;6293c8ee945e1
François;Thomas;;;;;FrançoisThomas@cy-tech.fr;6293c8ee94ec9
André;Bouvier;;;;;AndréBouvier@cy-tech.fr;6293c8ee95555
Monique;Lecomte;;;;;MoniqueLecomte@cy-tech.fr;6293c8ee95c8e
Gérard;Dufour;;;;;GérardDufour@cy-tech.fr;6293c8ee96338
William;Andre;;;;;WilliamAndre@cy-tech.fr;6293c8ee969ac
Gabriel;Blanchet;;;;;GabrielBlanchet@cy-tech.fr;6293c8ee9703b
Frédérique;Maillot-Guyot;;;;;FrédériqueMaillot-Guyot@cy-tech.fr;6293c8ee98064
Gilbert;Deschamps;;;;;GilbertDeschamps@cy-tech.fr;6293c8ee986a7
Élisabeth;Blondel;;;;;ÉlisabethBlondel@cy-tech.fr;6293c8ee9a2a0
Henriette-Marthe;Tanguy;;;;;Henriette-MartheTanguy@cy-tech.fr;6293c8ee9a808
Daniel;Guillon;;;;;DanielGuillon@cy-tech.fr;6293c8ee9ad40
Claude;Gimenez;;;;;ClaudeGimenez@cy-tech.fr;6293c8ee9b976
Victor;Hubert;;;;;VictorHubert@cy-tech.fr;6293c8ee9c17e
Astrid;Fischer;;;;;AstridFischer@cy-tech.fr;6293c8ee9c833
Philippe;De;;;;;PhilippeDe@cy-tech.fr;6293c8ee9d135
Éric;Rousset;;;;;ÉricRousset@cy-tech.fr;6293c8ee9d7be
Océane;Gauthier;;;;;OcéaneGauthier@cy-tech.fr;6293c8ee9de6b
Jules;Cohen;;;;;JulesCohen@cy-tech.fr;6293c8ee9e4d8
Patrick;Morin;;;;;PatrickMorin@cy-tech.fr;6293c8ee9eb77
Augustin;David-Rey;;;;;AugustinDavid-Rey@cy-tech.fr;6293c8ee9f1cd
Dorothée;Albert;;;;;DorothéeAlbert@cy-tech.fr;6293c8eea00b5
Christophe-Honoré;Mallet;;;;;Christophe-HonoréMallet@cy-tech.fr;6293c8eea073d
Édouard;Leconte;;;;;ÉdouardLeconte@cy-tech.fr;6293c8eea2417
Dominique;Leclerc;;;;;DominiqueLeclerc@cy-tech.fr;6293c8eea2dcd
René;Picard;;;;;RenéPicard@cy-tech.fr;6293c8eea3450
Jules;Arnaud;;;;;JulesArnaud@cy-tech.fr;6293c8eea3cda
Raymond-Édouard;Coulon;;;;;Raymond-ÉdouardCoulon@cy-tech.fr;6293c8eea4621
Joséphine;Martin;;;;;JoséphineMartin@cy-tech.fr;6293c8eea5065
Nath;du;;;;;Nathdu@cy-tech.fr;6293c8eea5748
Anouk;Fournier;;;;;AnoukFournier@cy-tech.fr;6293c8eea5e00
